{
  "total_books": 1,
  "total_paragraphs": 2547,
  "genres": {
    "Science Fiction": 2547
  },
  "authors": {
    "Unknown Author": 2547
  },
  "processing_date": "2025-08-16T19:12:13.677242",
  "feature_statistics": {
    "sentence_count": {
      "mean": 4.994503337259521,
      "std": 0.12204567983373067,
      "min": 4.0,
      "max": 6.0
    },
    "word_count": {
      "mean": 75.00117785630152,
      "std": 31.122259713468697,
      "min": 18.0,
      "max": 273.0
    },
    "avg_sentence_length": {
      "mean": 14.97001701347991,
      "std": 6.28552038804626,
      "min": 3.6,
      "max": 68.25
    },
    "avg_word_length": {
      "mean": 3.992956404559485,
      "std": 0.30665349012506826,
      "min": 3.0,
      "max": 5.169642857142857
    },
    "type_token_ratio": {
      "mean": 0.7953568472685887,
      "std": 0.07626864739877089,
      "min": 0.4897959183673469,
      "max": 1.0
    },
    "punctuation_ratio": {
      "mean": 0.029737337672405082,
      "std": 0.008977126391106293,
      "min": 0.0,
      "max": 0.0891089108910891
    },
    "capitalization_ratio": {
      "mean": 0.02818186074347446,
      "std": 0.012633341142313034,
      "min": 0.004873294346978557,
      "max": 0.1310466138962181
    },
    "function_word_ratio": {
      "mean": 0.21459492044732512,
      "std": 0.06072129568887431,
      "min": 0.0,
      "max": 0.4027777777777778
    },
    "content_word_ratio": {
      "mean": 0.7854050795526749,
      "std": 0.06072129568887431,
      "min": 0.5972222222222222,
      "max": 1.0
    },
    "syllable_count": {
      "mean": 96.84295249312918,
      "std": 42.36332944257375,
      "min": 23.0,
      "max": 401.0
    },
    "flesch_reading_ease": {
      "mean": 82.74844857445596,
      "std": 10.378787924843168,
      "min": 13.295315934065968,
      "max": 100.0
    },
    "gunning_fog_index": {
      "mean": 7.920771119863,
      "std": 2.9669886898452758,
      "min": 1.4400000000000002,
      "max": 31.25604395604396
    },
    "smog_index": {
      "mean": 12.644340605208303,
      "std": 8.379349756803514,
      "min": 3.1291,
      "max": 80.25117470951491
    }
  }
}